Workbook
Name Slicer_city: #N/A
Name Slicer_city2: #N/A
Name Slicer_pollutant_id: #N/A
Name Slicer_pollutant_id1: #N/A
Name Slicer_state: #N/A

Sheet Sheet10
A3: Row Labels | B3: Average of pollutant_avg
A4: CO | B4: 38.118993
A5: NH3 | B5: 6.0773196
A6: NO2 | B6: 33.718605
A7: OZONE | B7: 48.439535
A8: PM10 | B8: 103.56604
A9: PM2.5 | B9: 86.803241
A10: SO2 | B10: 18.2
A11: (blank)
A12: Grand Total | B12: 48.480379

Sheet chart
A3: Row Labels | B3: Average of pollutant_max
A4: Andaman and Nicobar | B4: 34.714286
A5: Andhra_Pradesh | B5: 49.578313
A6: Assam | B6: 74.653846
A7: Bihar | B7: 89.015707
A8: Chandigarh | B8: 98.8125
A9: Chhattisgarh | B9: 79.902439
A10: Delhi | B10: 172.40417
A11: Gujarat | B11: 103.86735
A12: Haryana | B12: 100.58333
A13: Himachal Pradesh | B13: 133.42857
A14: Jammu_and_Kashmir | B14: 34.333333
A15: Jharkhand | B15: 161.6
... A19: Maharashtra | B19: 81.180583
A20: Manipur
A21: Meghalaya | B21: 87.222222
A22: Mizoram | B22: 28.166667
A23: Nagaland | B23: 83.857143
A24: Odisha | B24: 82.383178
A25: Puducherry | B25: 43.571429
A26: Punjab | B26: 83.958333
A27: Rajasthan | B27: 111.49521
A28: Sikkim | B28: 85.5
A29: TamilNadu | B29: 34.873096
A30: Telangana | B30: 51.028169
A31: Tripura | B31: 53.857143
A32: Uttar_Pradesh | B32: 109.23547
... A34: West_Bengal | B34: 67.710145
A35: (blank)
A36: Grand Total | B36: 89.052097

Sheet Sheet1
A1: country | B1: state | C1: city | D1: station | E1: last_update | F1: latitude | G1: longitude | H1: pollutant_id | I1: pollutant_min | J1: pollutant_max | K1: pollutant_avg
A2: India | B2: Assam | C2: Nagaon | D2: Christianpatty, Nagaon - PCBA | E2: 45812.958 | F2: 26.349082 | G2: 92.68449 | H2: OZONE | I2: 22 | J2: 33 | K2: 26
A3: India | B3: Assam | C3: Nalbari | D3: Bata Chowk, Nalbari - PCBA | E3: 45812.958 | F3: 26.446912 | G3: 91.439057 | H3: PM10 | I3: 95 | J3: 431 | K3: 141
A4: India | B4: Assam | C4: Nalbari | D4: Bata Chowk, Nalbari - PCBA | E4: 45812.958 | F4: 26.446912 | G4: 91.439057 | H4: NO2 | I4: 1 | J4: 7 | K4: 3
A5: India | B5: Assam | C5: Nalbari | D5: Bata Chowk, Nalbari - PCBA | E5: 45812.958 | F5: 26.446912 | G5: 91.439057 | H5: NH3 | I5: 1 | J5: 1 | K5: 1
A6: India | B6: Assam | C6: Silchar | D6: Tarapur, Silchar - PCBA | E6: 45812.958 | F6: 24.82827 | G6: 92.79525 | H6: PM10 | I6: 34 | J6: 81 | K6: 53 | M6: =COUNTA(C:C) -> 3172
A7: India | B7: Assam | C7: Silchar | D7: Tarapur, Silchar - PCBA | E7: 45812.958 | F7: 24.82827 | G7: 92.79525 | H7: SO2
A8: India | B8: Assam | C8: Sivasagar | D8: Girls College, Sivasagar - PCBA | E8: 45812.958 | F8: 26.987634 | G8: 94.636574 | H8: PM2.5 | I8: 36 | J8: 82 | K8: 49
A9: India | B9: Assam | C9: Sivasagar | D9: Girls College, Sivasagar - PCBA | E9: 45812.958 | F9: 26.987634 | G9: 94.636574 | H9: CO | I9: 15 | J9: 46 | K9: 26 | M9: =AVERAGE(K:K) -> 48.480379
A10: India | B10: Bihar | C10: Araria | D10: Kharahiya Basti, Araria - BSPCB | E10: 45812.958 | F10: 26.146529 | G10: 87.454184 | H10: PM2.5 | I10: 50 | J10: 95 | K10: 78
A11: India | B11: Bihar | C11: Arrah | D11: New DM Office, Arrah - BSPCB | E11: 45812.958 | F11: 25.56261 | G11: 84.663264 | H11: NO2
A12: India | B12: Bihar | C12: Aurangabad | D12: Gurdeo Nagar, Aurangabad - BSPCB | E12: 45812.958 | F12: 24.75746 | G12: 84.366208 | H12: PM2.5 | I12: 25 | J12: 407 | K12: 190
A13: India | B13: Bihar | C13: Aurangabad | D13: Gurdeo Nagar, Aurangabad - BSPCB | E13: 45812.958 | F13: 24.75746 | G13: 84.366208 | H13: NH3 | I13: 1 | J13: 1 | K13: 1
A14: India | B14: Andhra_Pradesh | C14: Vijayawada | D14: Rajiv Nagar, Vijayawada - APPCB | E14: 45812.958 | F14: 16.554731 | G14: 80.64911 | H14: NO2 | I14: 23 | J14: 26 | K14: 25
A15: India | B15: Andhra_Pradesh | C15: Vijayawada | D15: Rajiv Nagar, Vijayawada - APPCB | E15: 45812.958 | F15: 16.554731 | G15: 80.64911 | H15: OZONE | I15: 33 | J15: 72 | K15: 38
A16: India | B16: Andhra_Pradesh | C16: Visakhapatnam | D16: GVM Corporation, Visakhapatnam - APPCB | E16: 45812.958 | F16: 17.72 | G16: 83.3 | H16: PM10 | I16: 31 | J16: 114 | K16: 75
A17: India | B17: Assam | C17: Byrnihat | D17: Central Academy for SFS, Byrnihat - PCBA | E17: 45812.958 | F17: 26.071318 | G17: 91.87488 | H17: SO2
A18: India | B18: Andhra_Pradesh | C18: Tirumala | D18: Toll Gate, Tirumala - APPCB (Formerly known as Tirumala, Tirupati - APPCB) | E18: 45812.958 | F18: 13.67 | G18: 79.35 | H18: PM2.5 | I18: 33 | J18: 82 | K18: 51
A19: India | B19: Andhra_Pradesh | C19: Tirupati | D19: Vaikuntapuram, Tirupati - APPCB | E19: 45812.958 | F19: 13.615387 | G19: 79.40923 | H19: CO | I19: 15 | J19: 26 | K19: 22
A20: India | B20: Andhra_Pradesh | C20: Vijayawada | D20: Kanuru, Vijayawada - APPCB | E20: 45812.958 | F20: 16.486692 | G20: 80.699436 | H20: NO2 | I20: 26 | J20: 127 | K20: 58
A21: India | B21: Andhra_Pradesh | C21: Anantapur | D21: Gulzarpet, Anantapur - APPCB | E21: 45812.958 | F21: 14.675886 | G21: 77.593027 | H21: PM2.5
A22: India | B22: Andhra_Pradesh | C22: Anantapur | D22: Gulzarpet, Anantapur - APPCB | E22: 45812.958 | F22: 14.675886 | G22: 77.593027 | H22: PM10 | I22: 69 | J22: 98 | K22: 78
A23: India | B23: Andhra_Pradesh | C23: Anantapur | D23: Gulzarpet, Anantapur - APPCB | E23: 45812.958 | F23: 14.675886 | G23: 77.593027 | H23: OZONE | I23: 4 | J23: 47 | K23: 34
A24: India | B24: Andhra_Pradesh | C24: Chittoor | D24: Gangineni Cheruvu, Chittoor - APPCB | E24: 45812.958 | F24: 13.20488 | G24: 79.097889 | H24: NO2 | I24: 2 | J24: 16 | K24: 9
A25: India | B25: Bihar | C25: Bettiah | D25: Kamalnath Nagar, Bettiah - BSPCB | E25: 45812.958 | F25: 26.80365 | G25: 84.51954 | H25: PM2.5 | I25: 25 | J25: 247 | K25: 109
A26: India | B26: Bihar | C26: Bettiah | D26: Kamalnath Nagar, Bettiah - BSPCB | E26: 45812.958 | F26: 26.80365 | G26: 84.51954 | H26: NO2 | I26: 28 | J26: 29 | K26: 28
A27: India | B27: Bihar | C27: Bettiah | D27: Kamalnath Nagar, Bettiah - BSPCB | E27: 45812.958 | F27: 26.80365 | G27: 84.51954 | H27: SO2 | I27: 12 | J27: 18 | K27: 15
A28: India | B28: Bihar | C28: Bhagalpur | D28: Mayaganj, Bhagalpur - BSPCB | E28: 45812.958 | F28: 25.265194 | G28: 87.012947 | H28: PM2.5 | I28: 23 | J28: 183 | K28: 88
A29: India | B29: Assam | C29: Guwahati | D29: IITG, Guwahati - PCBA | E29: 45812.958 | F29: 26.202864 | G29: 91.700464 | H29: NH3 | I29: 5 | J29: 5 | K29: 5
A30: India | B30: Assam | C30: Guwahati | D30: LGBI Airport, Guwahati - PCBA | E30: 45812.958 | F30: 26.10887 | G30: 91.589544 | H30: SO2 | I30: 1 | J30: 16 | K30: 12
A31: India | B31: Assam | C31: Guwahati | D31: Pan Bazaar, Guwahati - PCBA | E31: 45812.958 | F31: 26.1875 | G31: 91.744194 | H31: PM10 | I31: 47 | J31: 105 | K31: 84
A32: India | B32: Andaman and Nicobar | C32: Sri Vijaya Puram | D32: Police Line, Sri Vijaya Puram - ANPCC | E32: 45812.958 | F32: 11.654054 | G32: 92.734055 | H32: PM10 | I32: 6 | J32: 45 | K32: 20
A33: India | B33: Andaman and Nicobar | C33: Sri Vijaya Puram | D33: Police Line, Sri Vijaya Puram - ANPCC | E33: 45812.958 | F33: 11.654054 | G33: 92.734055 | H33: NH3 | I33: 1 | J33: 3 | K33: 1
... A44: India | B44: Bihar | C44: Saharsa | D44: Police Line, Saharsa - BSPCB | E44: 45812.958 | F44: 25.892357 | G44: 86.590325 | H44: OZONE | I44: 5 | J44: 41 | K44: 12
A45: India | B45: Bihar | C45: Kishanganj | D45: SDM Office_Khagra, Kishanganj - BSPCB | E45: 45812.958 | F45: 26.08813 | G45: 87.938403 | H45: SO2
A46: India | B46: Bihar | C46: Kishanganj | D46: SDM Office_Khagra, Kishanganj - BSPCB | E46: 45812.958 | F46: 26.08813 | G46: 87.938403 | H46: OZONE
A47: India | B47: Bihar | C47: Manguraha | D47: Forest Rest House, Manguraha - BSPCB | E47: 45812.958 | F47: 27.308328 | G47: 84.531742 | H47: SO2 | I47: 6 | J47: 7 | K47: 7
A48: India | B48: Bihar | C48: Manguraha | D48: Forest Rest House, Manguraha - BSPCB | E48: 45812.958 | F48: 27.308328 | G48: 84.531742 | H48: OZONE | I48: 12 | J48: 33 | K48: 23
A49: India | B49: Bihar | C49: Munger | D49: Town Hall, Munger - BSPCB | E49: 45812.958 | F49: 25.376776 | G49: 86.471523 | H49: PM2.5 | I49: 83 | J49: 233 | K49: 128
A50: India | B50: Bihar | C50: Munger | D50: Town Hall, Munger - BSPCB | E50: 45812.958 | F50: 25.376776 | G50: 86.471523 | H50: CO | I50: 16 | J50: 64 | K50: 33
A51: India | B51: Bihar | C51: Chhapra | D51: Darshan Nagar, Chhapra - BSPCB | E51: 45812.958 | F51: 25.780826 | G51: 84.744677 | H51: SO2
A52: India | B52: Bihar | C52: Chhapra | D52: Darshan Nagar, Chhapra - BSPCB | E52: 45812.958 | F52: 25.780826 | G52: 84.744677 | H52: OZONE | I52: 3 | J52: 124 | K52: 67
A53: India | B53: Bihar | C53: Gaya | D53: Kareemganj, Gaya - BSPCB | E53: 45812.958 | F53: 24.792403 | G53: 84.992416 | H53: PM2.5 | I53: 28 | J53: 324 | K53: 124
A54: India | B54: Bihar | C54: Gaya | D54: Kareemganj, Gaya - BSPCB | E54: 45812.958 | F54: 24.792403 | G54: 84.992416 | H54: NO2 | I54: 3 | J54: 7 | K54: 5
A55: India | B55: Bihar | C55: Gaya | D55: Kareemganj, Gaya - BSPCB | E55: 45812.958 | F55: 24.792403 | G55: 84.992416 | H55: SO2 | I55: 15 | J55: 19 | K55: 17
A56: India | B56: Bihar | C56: Gaya | D56: Kareemganj, Gaya - BSPCB | E56: 45812.958 | F56: 24.792403 | G56: 84.992416 | H56: OZONE | I56: 4 | J56: 43 | K56: 20
A57: India | B57: Bihar | C57: Patna | D57: Muradpur, Patna - BSPCB | E57: 45812.958 | F57: 25.619651 | G57: 85.147382 | H57: NO2 | I57: 6 | J57: 64 | K57: 33
A58: India | B58: Bihar | C58: Patna | D58: Muradpur, Patna - BSPCB | E58: 45812.958 | F58: 25.619651 | G58: 85.147382 | H58: NH3 | I58: 1 | J58: 16 | K58: 5
A59: India | B59: Bihar | C59: Patna | D59: Muradpur, Patna - BSPCB | E59: 45812.958 | F59: 25.619651 | G59: 85.147382 | H59: CO | I59: 32 | J59: 70 | K59: 46
A60: India | B60: Bihar | C60: Patna | D60: Rajbansi Nagar, Patna - BSPCB | E60: 45812.958 | F60: 25.599486 | G60: 85.113666 | H60: NO2 | I60: 3 | J60: 79 | K60: 35
A61: India | B61: Bihar | C61: Patna | D61: Rajbansi Nagar, Patna - BSPCB | E61: 45812.958 | F61: 25.599486 | G61: 85.113666 | H61: NH3 | I61: 1 | J61: 2 | K61: 1
A62: India | B62: Bihar | C62: Buxar | D62: Charitra Van, Buxar - BSPCB | E62: 45812.958 | F62: 25.56752 | G62: 83.966379 | H62: PM2.5 | I62: 15 | J62: 332 | K62: 170
A63: India | B63: Bihar | C63: Buxar | D63: Charitra Van, Buxar - BSPCB | E63: 45812.958 | F63: 25.56752 | G63: 83.966379 | H63: NO2 | I63: 4 | J63: 5 | K63: 5
... A73: India | B73: Chhattisgarh | C73: Bhilai | D73: Hathkhoj, Bhilai - CECB | E73: 45812.958 | F73: 21.224231 | G73: 81.40835 | H73: CO | I73: 8 | J73: 74 | K73: 14
A74: India | B74: Chhattisgarh | C74: Bilaspur | D74: Mangala, Bilaspur - NTPC | E74: 45812.958 | F74: 22.08815 | G74: 82.13737 | H74: PM10
A75: India | B75: Chhattisgarh | C75: Chhal | D75: Nawapara SECL Colony, Chhal - CECB | E75: 45812.958 | F75: 22.118125 | G75: 83.140608 | H75: NH3 | I75: 7 | J75: 7 | K75: 7
A76: India | B76: Chhattisgarh | C76: Chhal | D76: Nawapara SECL Colony, Chhal - CECB | E76: 45812.958 | F76: 22.118125 | G76: 83.140608 | H76: OZONE | I76: 21 | J76: 87 | K76: 50
A77: India | B77: Chhattisgarh | C77: Korba | D77: Rampur, Korba - CECB | E77: 45812.958 | F77: 22.368195 | G77: 82.746431 | H77: SO2
A78: India | B78: Chhattisgarh | C78: Korba | D78: Rampur, Korba - CECB | E78: 45812.958 | F78: 22.368195 | G78: 82.746431 | H78: OZONE
A79: India | B79: Chhattisgarh | C79: Korba | D79: Urja Nagar, Korba - CECB | E79: 45812.958 | F79: 22.348441 | G79: 82.549611 | H79: PM10 | I79: 65 | J79: 417 | K79: 145
A80: India | B80: Bihar | C80: Sasaram | D80: Dada Peer, Sasaram - BSPCB | E80: 45812.958 | F80: 24.952822 | G80: 84.002396 | H80: SO2 | I80: 4 | J80: 5 | K80: 5
A81: India | B81: Bihar | C81: Siwan | D81: Chitragupta Nagar, Siwan - BSPCB | E81: 45812.958 | F81: 26.227166 | G81: 84.357043 | H81: SO2
A82: India | B82: Bihar | C82: Siwan | D82: Chitragupta Nagar, Siwan - BSPCB | E82: 45812.958 | F82: 26.227166 | G82: 84.357043 | H82: CO | I82: 79 | J82: 111 | K82: 107
A83: India | B83: Chandigarh | C83: Chandigarh | D83: Sector 22, Chandigarh - CPCC | E83: 45812.958 | F83: 30.735567 | G83: 76.775714 | H83: PM2.5 | I83: 30 | J83: 193 | K83: 89
A84: India | B84: Chandigarh | C84: Chandigarh | D84: Sector 22, Chandigarh - CPCC | E84: 45812.958 | F84: 30.735567 | G84: 76.775714 | H84: NO2 | I84: 26 | J84: 204 | K84: 62
A85: India | B85: Delhi | C85: Delhi | D85: Alipur, Delhi - DPCC | E85: 45812.958 | F85: 28.815329 | G85: 77.15301 | H85: OZONE | I85: 1 | J85: 12 | K85: 9
A86: India | B86: Delhi | C86: Delhi | D86: Ashok Vihar, Delhi - DPCC | E86: 45812.958 | F86: 28.695381 | G86: 77.181665 | H86: NO2 | I86: 21 | J86: 145 | K86: 71
A87: India | B87: Delhi | C87: Delhi | D87: Ashok Vihar, Delhi - DPCC | E87: 45812.958 | F87: 28.695381 | G87: 77.181665 | H87: NH3 | I87: 7 | J87: 9 | K87: 8
A88: India | B88: Delhi | C88: Delhi | D88: Bawana, Delhi - DPCC | E88: 45812.958 | F88: 28.7762 | G88: 77.051074 | H88: PM10 | I88: 123 | J88: 500 | K88: 260
A89: India | B89: Delhi | C89: Delhi | D89: Bawana, Delhi - DPCC | E89: 45812.958 | F89: 28.7762 | G89: 77.051074 | H89: SO2 | I89: 9 | J89: 109 | K89: 52
A90: India | B90: Delhi | C90: Delhi | D90: Bawana, Delhi - DPCC | E90: 45812.958 | F90: 28.7762 | G90: 77.051074 | H90: OZONE | I90: 3 | J90: 142 | K90: 93
A91: India | B91: Delhi | C91: Delhi | D91: CRRI Mathura Road, Delhi - IMD | E91: 45812.958 | F91: 28.551201 | G91: 77.273574 | H91: OZONE | I91: 26 | J91: 266 | K91: 162
A92: India | B92: Delhi | C92: Delhi | D92: Chandni Chowk, Delhi - IITM | E92: 45812.958 | F92: 28.656756 | G92: 77.227234 | H92: NO2 | I92: 78 | J92: 194 | K92: 131
A93: India | B93: Delhi | C93: Delhi | D93: Dr. Karni Singh Shooting Range, Delhi - DPCC | E93: 45812.958 | F93: 28.498571 | G93: 77.26484 | H93: SO2 | I93: 17 | J93: 61 | K93: 33
A94: India | B94: Delhi | C94: Delhi | D94: Dr. Karni Singh Shooting Range, Delhi - DPCC | E94: 45812.958 | F94: 28.498571 | G94: 77.26484 | H94: CO | I94: 4 | J94: 113 | K94: 22
A95: India | B95: Chandigarh | C95: Chandigarh | D95: Sector-53, Chandigarh - CPCC | E95: 45812.958 | F95: 30.719859 | G95: 76.738637 | H95: NO2
A96: India | B96: Chhattisgarh | C96: Bhilai | D96: Civic Center, Bhilai - Bhilai Steel Plant | E96: 45812.958 | F96: 21.185571 | G96: 81.343175 | H96: SO2 | I96: 8 | J96: 14 | K96: 10
A97: India | B97: Chhattisgarh | C97: Raipur | D97: AIIMS, Raipur - CECB | E97: 45812.958 | F97: 21.258815 | G97: 81.578979 | H97: OZONE | I97: 5 | J97: 40 | K97: 28
A98: India | B98: Chhattisgarh | C98: Raipur | D98: Bhatagaon New ISBT, Raipur - CECB | E98: 45812.958 | F98: 21.219665 | G98: 81.630094 | H98: NO2 | I98: 42 | J98: 158 | K98: 76
A99: India | B99: Chhattisgarh | C99: Raipur | D99: Krishak Nagar, Raipur - CECB | E99: 45812.958 | F99: 21.237755 | G99: 81.705301 | H99: NO2 | I99: 14 | J99: 25 | K99: 21
A100: India | B100: Chhattisgarh | C100: Raipur | D100: Krishak Nagar, Raipur - CECB | E100: 45812.958 | F100: 21.237755 | G100: 81.705301 | H100: SO2 | I100: 10 | J100: 22 | K100: 13
A101: India | B101: Chhattisgarh | C101: Raipur | D101: Krishak Nagar, Raipur - CECB | E101: 45812.958 | F101: 21.237755 | G101: 81.705301 | H101: CO | I101: 22 | J101: 50 | K101: 28
A102: India | B102: Chhattisgarh | C102: Raipur | D102: Siltara Phase-II, Raipur - CECB | E102: 45812.958 | F102: 21.371751 | G102: 81.664929 | H102: NH3 | I102: 3 | J102: 3 | K102: 3
A103: India | B103: Chhattisgarh | C103: Raipur | D103: AIIMS, Raipur - CECB | E103: 45812.958 | F103: 21.258815 | G103: 81.578979 | H103: PM2.5 | I103: 21 | J103: 57 | K103: 34
A104: India | B104: Delhi | C104: Delhi | D104: Patparganj, Delhi - DPCC | E104: 45812.958 | F104: 28.623763 | G104: 77.287209 | H104: NH3 | I104: 35 | J104: 62 | K104: 50
A105: India | B105: Delhi | C105: Delhi | D105: Punjabi Bagh, Delhi - DPCC | E105: 45812.958 | F105: 28.674045 | G105: 77.131023 | H105: PM2.5 | I105: 47 | J105: 404 | K105: 230
A106: India | B106: Delhi | C106: Delhi | D106: Punjabi Bagh, Delhi - DPCC | E106: 45812.958 | F106: 28.674045 | G106: 77.131023 | H106: NH3 | I106: 4 | J106: 10 | K106: 7
A107: India | B107: Delhi | C107: Delhi | D107: Pusa, Delhi - DPCC | E107: 45812.958 | F107: 28.639652 | G107: 77.146275 | H107: NO2 | I107: 47 | J107: 108 | K107: 82
... A159: India | B159: Gujarat | C159: Gandhinagar | D159: Sector-10, Gandhinagar - GPCB | E159: 45812.958 | F159: 23.221714 | G159: 72.654328 | H159: OZONE | I159: 22 | J159: 23 | K159: 22
A160: India | B160: Gujarat | C160: Surat | D160: Science Center, Surat - SMC | E160: 45812.958 | F160: 21.170046 | G160: 72.795405 | H160: PM2.5
A161: India | B161: Gujarat | C161: Surat | D161: Science Center, Surat - SMC | E161: 45812.958 | F161: 21.170046 | G161: 72.795405 | H161: SO2
A162: India | B162: Delhi | C162: Delhi | D162: Wazirpur, Delhi - DPCC | E162: 45812.958 | F162: 28.699793 | G162: 77.165453 | H162: CO | I162: 45 | J162: 124 | K162: 84
A163: India | B163: Gujarat | C163: Ahmedabad | D163: Chandkheda, Ahmedabad - IITM | E163: 45812.958 | F163: 23.107969 | G163: 72.574648 | H163: CO | I163: 26 | J163: 142 | K163: 65
A164: India | B164: Gujarat | C164: Ahmedabad | D164: Gyaspur, Ahmedabad - IITM | E164: 45812.958 | F164: 22.977134 | G164: 72.553024 | H164: PM2.5 | I164: 46 | J164: 379 | K164: 189
A165: India | B165: Karnataka | C165: Bengaluru | D165: Hombegowda Nagar, Bengaluru - KSPCB | E165: 45812.958 | F165: 12.938539 | G165: 77.5901 | H165: NO2 | I165: 11 | J165: 35 | K165: 18
A166: India | B166: Karnataka | C166: Bengaluru | D166: Hombegowda Nagar, Bengaluru - KSPCB | E166: 45812.958 | F166: 12.938539 | G166: 77.5901 | H166: SO2 | I166: 9 | J166: 19 | K166: 13
A167: India | B167: Karnataka | C167: Bengaluru | D167: Hombegowda Nagar, Bengaluru - KSPCB | E167: 45812.958 | F167: 12.938539 | G167: 77.5901 | H167: CO | I167: 14 | J167: 28 | K167: 16
A168: India | B168: Karnataka | C168: Bengaluru | D168: Hombegowda Nagar, Bengaluru - KSPCB | E168: 45812.958 | F168: 12.938539 | G168: 77.5901 | H168: OZONE | I168: 17 | J168: 218 | K168: 178
A169: India | B169: Karnataka | C169: Gadag | D169: Panchal Nagar, Gadag - KSPCB | E169: 45812.958 | F169: 15.411456 | G169: 75.638133 | H169: NO2 | I169: 4 | J169: 24 | K169: 14
A170: India | B170: Karnataka | C170: Gadag | D170: Panchal Nagar, Gadag - KSPCB | E170: 45812.958 | F170: 15.411456 | G170: 75.638133 | H170: CO | I170: 40 | J170: 48 | K170: 45
...

Sheet state_summary
A1: state | B1: average_pollution
A2: Assam | B2: =AVERAGEIF(Sheet1!B:B, A2, Sheet1!J:J) -> 74.653846
A3: Assam | B3: =AVERAGEIF(Sheet1!B:B, A3, Sheet1!J:J) -> 74.653846
A4: Assam | B4: =AVERAGEIF(Sheet1!B:B, A4, Sheet1!J:J) -> 74.653846
A5: Assam | B5: =AVERAGEIF(Sheet1!B:B, A5, Sheet1!J:J) -> 74.653846
A6: Assam | B6: =AVERAGEIF(Sheet1!B:B, A6, Sheet1!J:J) -> 74.653846
A7: Assam | B7: =AVERAGEIF(Sheet1!B:B, A7, Sheet1!J:J) -> 74.653846
A8: Assam | B8: =AVERAGEIF(Sheet1!B:B, A8, Sheet1!J:J) -> 74.653846
A9: Assam | B9: =AVERAGEIF(Sheet1!B:B, A9, Sheet1!J:J) -> 74.653846
A10: Bihar | B10: =AVERAGEIF(Sheet1!B:B, A10, Sheet1!J:J) -> 89.015707
A11: Bihar | B11: =AVERAGEIF(Sheet1!B:B, A11, Sheet1!J:J) -> 89.015707
A12: Bihar | B12: =AVERAGEIF(Sheet1!B:B, A12, Sheet1!J:J) -> 89.015707
A13: Bihar | B13: =AVERAGEIF(Sheet1!B:B, A13, Sheet1!J:J) -> 89.015707
... A3172: West_Bengal | B3172: =AVERAGEIF(Sheet1!B:B, A3172, Sheet1!J:J) -> 67.710145

Sheet Sheet3

Sheet Sheet6
A1: last_update | B1: (All)
A3: Row Labels | B3: Average of pollutant_avg
A4: CO | B4: 38.118993
A5: NH3 | B5: 6.0773196
A6: NO2 | B6: 33.718605
A7: OZONE | B7: 48.439535
A8: PM10 | B8: 103.56604
A9: PM2.5 | B9: 86.803241
A10: SO2 | B10: 18.2
A11: Grand Total | B11: 48.480379

Sheet Sheet12

Sheet Dashboard
A1: REAL TIME AIR QUALITY INDEX
Y9: =Sheet1!M6 -> 3172
Z24: b
M30: `
